Scenario,Classifier,AUC,CI Lower,CI Upper
A: Baseline (real data only),Random Forest,0.8479,0.754,0.9383
A: Baseline (real data only),Gradient Boosting,0.8776,0.7883,0.948
A: Baseline (real data only),Logistic Regression,0.8291,0.7275,0.9156
B: Real data plus filtered CTGAN,Random Forest,0.8418,0.7424,0.9335
B: Real data plus filtered CTGAN,Gradient Boosting,0.8721,0.7755,0.9484
B: Real data plus filtered CTGAN,Logistic Regression,0.8455,0.7455,0.9336
C: Real data plus consensus synthetic,Random Forest,0.8539,0.7596,0.9332
C: Real data plus consensus synthetic,Gradient Boosting,0.8321,0.7314,0.9193
C: Real data plus consensus synthetic,Logistic Regression,0.8552,0.7555,0.9348
